feature_1,feature_2,label
-0.29730710632911944,-0.47219915064609136,0
-1.4649460424563923,0.4615512738190287,0
0.3294556378283888,0.03329321047630913,0
-1.7086213268430135,-0.7378846469879676,0
0.020508194613029152,0.7067983966657803,0
0.6535151603982957,0.06440844224191657,0
1.0226415054274154,-1.3974878447017225,0
1.6917374662418347,0.9804937493178335,0
0.5857881483884575,0.9832830762418721,0
1.5965717133109485,-0.1898668643313344,0
-0.9924931844397095,-1.2780801249293232,0
0.8487827496945233,-0.9533969945567694,0
0.35152343972030403,0.4918306506993169,0
0.6539435013128457,1.1291680814664646,0
0.6497360543450793,0.28076940291226965,0
-0.7054036469645034,1.637563522351439,0
0.6794100336366447,-0.6585002229846302,0
0.13498877095569828,-1.4092698693890164,0
1.0776191657923968,-1.4011892558253687,0
0.904302511941317,1.1533144672781435,0
-0.6803965706642938,-0.46363093575689496,0
0.2800154723326592,-0.10085392364980002,0
1.6005276609405337,0.689988757337262,0
-0.311773542298966,1.02539205771685,0
0.8488789168664863,-1.3812100820468582,0
-0.007486944710324511,-0.4945817817852097,0
0.1374834740820428,0.9111995794645135,0
-1.3876020593229437,-0.20961553290690288,0
0.84561817593772,0.4544920205769661,0
-0.8735844630037367,0.3603933617903264,0
0.48858781548403024,0.2537457217585456,0
1.6135108827855804,0.10041588907528444,0
-1.4871413045343702,0.22838171313588473,0
-0.5789111325217956,0.6904687331773975,0
0.12788749714459102,-0.6881316181038453,0
-1.2526755672368088,0.6928039026261562,0
-0.961816805214279,1.0173182663476465,0
1.5094290462051567,2.549062617574042,0
0.12168248379634636,-0.25653522204539353,0
1.1859713634660907,-1.3281265472089154,0
-0.05570070876645012,0.39601493405630117,0
-0.8169889379131335,-1.472554671184071,0
0.943595469856012,0.3089174339522073,0
-0.916987889355104,-0.5011469734221498,0
0.08573166184937119,0.7349693168199045,0
-0.687820829222351,0.5374289364561156,0
0.7510397254018635,0.3365762508942877,0
1.229333794558735,-0.6218824557615378,0
-0.39447963136581377,-0.06426792925235784,0
0.14440506376347242,-0.15232679673059438,0
1.36238092394114,0.830302001127055,0
0.7728702201464244,-0.24193917414174265,0
-0.13061282456256842,0.3804755746680344,0
-1.5714460201437588,-1.350620613152086,0
-0.15241394355207044,-0.24658140607932139,0
1.50304263961058,1.4695049452035616,0
-1.6045452207876711,1.511236980771603,0
-0.041713122217409984,0.33971744744048166,0
0.7660245112558921,-0.7122492688615745,0
-1.3607909518981216,-0.40966253941490327,0
-0.03758358489619294,-1.1878778379901065,0
-0.1999913411317387,-1.97320826063227,0
-1.839943328396234,0.9307882280393823,0
1.1254242700743142,0.4091080063435464,0
0.24123634720780968,-0.3956155781723177,0
1.1577756961096397,1.2445017615271543,0
0.5233307656906038,1.1223830710595946,0
-0.26808163928526096,1.692447538200072,0
0.810394978995508,0.40301580383664215,0
0.14831921916635757,-1.40861467305665,0
-1.0028993738339016,0.6505199583734133,0
1.1283784541231743,1.3619238645821319,0
-0.6957725471440136,0.2931638535080166,0
1.793267990417649,0.12300781090644562,0
-0.5921237977810762,-0.21646459874999197,0
-0.4131440142062454,0.025082159112802864,0
0.3798547487318155,0.6736350199413167,0
0.224782544483355,-0.6788084678103993,0
-1.7449009739787207,-1.14554446979805,0
0.5075387591317642,1.338020682846041,0
0.25718916351336196,1.2527811871442565,0
-0.3783992042132819,-1.4164893487808046,0
-1.0072935216983814,-0.4851623601804274,0
-1.8364022768499977,0.5628721531542924,0
0.6667814241690043,-0.28662778951447204,0
1.2049786422465292,0.17305118661380717,0
-0.15604072643200978,0.2754861810419895,0
-0.7374803934292193,0.30883285028762664,0
-0.9293668902400732,0.9092244459551443,0
-1.515383735958918,1.9253883389951576,0
0.05747419474801859,-1.0267538820118722,0
0.5243674140396282,1.1346521101880305,0
-0.2784800331504926,0.6246670915761502,0
-0.3205072390525829,-0.41262933645625594,0
1.6139971009888339,-0.3021499138880377,0
-0.19576516045921485,0.8875031497344853,0
0.6220380809565773,-0.9537106831739663,0
-0.3778414767387052,0.10955074005774151,0
0.5874087324980026,0.7818573198334264,0
0.6777896083840687,-0.7679661672422425,0
-0.6318121736029572,0.07753037835799206,0
-1.5054108230593313,-0.17244494810350333,0
1.6602707383096045,0.47400546916155994,0
-0.7238913694573343,-0.0739978355861161,0
-2.8356355670181252,2.0377271223917317,0
-1.1604046592040789,0.27598488303508584,0
-1.1509425888590261,-0.3269905880456454,0
-0.2358077753315634,0.7242207889569438,0
0.7484050750078641,0.44885059916541176,0
0.32417923513427704,0.42774273990502887,0
-0.6119646153479883,-2.973889017005144,0
0.4883962166352793,-1.5515459320295286,0
-0.3231559778139702,1.0542696805127985,0
0.6318345582316706,-0.7314167356119196,0
0.12425651481748115,0.9838872265602187,0
0.4288391278158884,0.7026399926905421,0
0.37680844911766476,-0.44740803991906547,0
-2.061617543157768,-1.259766358104957,0
1.4507446395165922,1.6865927652115373,0
-0.02650858692309652,1.051743769640476,0
0.6864496214263692,0.5413182271631723,0
-0.9387131262473642,0.15639019763220074,0
1.1413027560876332,0.7181884419282147,0
0.7810927434776966,-0.04531063128342361,0
-1.6236478976897109,-1.1113820507502716,0
0.396169645269963,1.5571833773859505,0
-2.2968034874843224,-0.9908267561479954,0
1.4831554331569836,0.8706423967900659,0
-0.5337756880029453,-1.428914624766771,0
-0.8337026431797824,0.14614054160632572,0
0.7556443966403804,0.6803501151652607,0
3.158554516447507,1.8627952550299052,0
0.9848058250378724,-0.5935289273866312,0
-0.3599595327761258,-2.1689611849390578,0
0.25816939234769715,0.42354459507942666,0
-0.20828652842612058,-2.024524449928541,0
-0.9074547242531341,-0.8945108121501819,0
0.4680134332636574,1.052533230603231,0
0.22541950720762327,-0.5338014615504905,0
0.18962525336363417,-0.29776217844239344,0
-0.5066983655627774,0.330838050497273,0
-0.4456600832771076,-2.0113866030172365,0
-0.4176318195662144,-2.8868492752131165,0
-0.25451224277670376,0.48965670088683366,0
0.17617439127374823,-0.6114851209367479,0
0.473011970344539,-0.1505903665009641,0
-0.08081556859105592,0.9938555239856615,0
0.16169150042566063,-0.7147775130179713,0
-0.891180349130359,-0.5024737851909395,0
-1.0278525340077787,-0.23142804560268784,0
0.9964263720909966,0.2878471764650919,0
-0.9648831884361968,-0.19281908651168092,0
-0.05801404756620768,0.09039465769914178,0
-0.6155323752224159,-1.3638175701465463,0
-0.29590194763667116,-0.5516576707734282,0
-0.5263123635335623,0.8635426334861291,0
-1.1538734243148996,-0.12485608501228782,0
-1.024503531621686,-0.9979355399524902,0
-0.33200857353073493,-0.7244684267580891,0
-0.16878848222710643,-0.3334078716083094,0
-0.4515431045795061,0.3012776017530602,0
-0.6895508917270021,1.95713292360128,0
1.5471780179986039,0.011337407818811806,0
-1.397760275527039,-0.39637737492395564,0
-0.8808417248589144,-0.0860405381334921,0
0.5769598003437899,-0.557987181431436,0
0.36955671223704434,-0.48699262881740973,0
-0.662317243159619,-0.8483317520744474,0
0.8426896325743954,0.436165125632926,0
0.03667538285714318,-0.6763860410710243,0
0.4827678547942526,0.7910105047820929,0
0.13086872563386515,-0.5103693057465125,0
0.21810343602719984,0.5116259692070098,0
2.0118395579460238,0.23152305746312418,0
0.6915003327149174,0.42150866892093913,0
-1.1739251658842123,0.6922692363758279,0
-0.5631862794144867,-0.7654942955358931,0
0.6487851339944145,-0.6193253513883621,0
0.19690396653127262,-0.16822353957743297,0
0.2732100645788131,-0.7731635084593949,0
-1.3716732848051498,0.5671051245783767,0
-0.16981955218335892,0.33831004966514133,0
-0.2808291302670908,-0.7883373442858087,0
-0.1815454235484379,-0.16561715647637518,0
0.41323473351511775,-0.5645538947159738,0
-0.33394727358500764,0.29597627489799705,0
-1.7307471458652122,-0.5173548645130054,0
-1.1825347487165379,-2.1531611709987493,0
-0.7916523254978179,-0.5597409939310768,0
-1.1850013362594396,-2.2074267804718395,0
1.0295349365139232,0.2713565475711802,0
1.977679225823087,1.3126458819101217,0
0.49290424891154794,0.6831390133922856,0
-1.451317666832712,0.9218715857719908,0
-0.3713292309524836,-1.1010610479007588,0
0.3847920106914081,1.007026013356832,0
-0.13566798337596286,2.1809644729363455,0
-0.6168576524113544,-1.2103231257496097,0
0.4707242274878894,2.1832523729048527,0
-0.6941415915210253,0.871585956777251,0
1.6141164028785384,0.8559603048186878,0
-0.03377488876094511,0.025651384088530748,0
-0.04530567019155617,0.7425441004883963,0
0.917023921563743,0.7369265356640968,0
-0.41854028214174693,0.232179090845073,0
0.16007159819044708,-1.2625006268911239,0
0.3802459527270561,1.996393501048891,0
0.21597512387625223,-0.7307937775195845,0
-1.2746762161015843,-1.1283580913526021,0
-0.956182107904037,-0.8707772337393641,0
-2.706423505167743,-0.4860734523520279,0
-0.42162862252186856,0.8073222228667337,0
-1.3655046608344146,0.3656925389199853,0
0.31352945750252204,1.1813235397741078,0
0.29247243543704715,-1.9321765997516815,0
2.2062717746879965,-0.37317556916291506,0
-0.24513193251443294,0.6624952057777255,0
-1.2105824223363446,-1.1168591147937297,0
-0.3886673750586735,-2.1343729790901746,0
1.3545658134278435,1.2843029145100282,0
-0.2768178432185658,-0.3181737918196791,0
1.6577982265454292,1.545069302535583,0
0.5868996220595114,1.4339758383768104,0
0.3104663899329765,-0.8783979506857533,0
1.0679450541259319,-0.271865848921149,0
-0.5555340245016284,0.6526360644593523,0
0.44475310513452976,1.082327119417647,0
0.9121925939947425,-0.09072102393231413,0
0.7376500941380408,-0.5718393734810059,0
1.1864594077184467,-0.3287495920188705,0
-1.544172172455743,-1.499566915408389,0
0.40667226958643105,0.6773378261622925,0
0.2267623787889614,-0.052744512483144226,0
-0.9548214219902501,0.003358461564909526,0
0.7751038537095254,0.046744990226272716,0
1.6689169034253033,-1.2428086464595425,0
0.3091747580036964,2.0381491420832316,0
-1.1166822909946845,-1.4316907327810615,0
-0.6434509852983776,-0.24974722112358566,0
-3.092972165483864,-1.6768094729580416,0
0.7034213780380296,-0.5052522974412408,0
1.1156662669148425,1.3730296710586636,0
1.485378994666001,-0.3136454585149312,0
1.1848642206020223,-0.18319781548978198,0
-1.8644522326093445,-0.7492563495223333,0
-0.9298232763329024,0.9421744391507204,0
0.4847947243745709,-0.6046531911919621,0
-1.5206434754914566,-0.8389701986977119,0
0.9238281662387658,0.6830666664108557,0
1.552810322141951,-0.196308356944195,0
-1.925035160666745,0.4902070737782354,0
0.7272727762797222,1.4393787924991766,0
0.8120707106644981,0.19590042315247935,0
1.0053021025043527,-0.08756938131571354,0
0.4879543065759501,-0.5631236893604252,0
-0.1777215861826674,-0.24126832666270723,0
0.7590820199554287,-0.3889052975064712,0
-0.030986208050989766,0.9245165111954082,0
0.23025143734172107,-1.0062690075410343,0
-0.552161415808914,0.39827646994180205,0
0.9494646108131848,1.6367669299283287,0
0.15238787211693097,0.8741444411625181,0
1.7327256696597342,-0.5502896688079395,0
1.2302773609099265,1.291100541956997,0
0.3707598674967814,-0.7731202370178322,0
0.5561859633952577,-1.5454891465386242,0
0.8170990868585238,-0.7147287029858056,0
0.4749325261097731,0.5348876298799969,0
0.9096876082421793,0.4232590455974312,0
-0.41461260403399647,-1.144329512564326,0
0.06716502328753475,-1.3618136763216138,0
-1.3221126005046446,0.5013434973778444,0
2.418528410121322,1.4105267845739369,0
-0.31858096996934004,-0.5754153252829479,0
0.09450541528867598,-0.6694821299209505,0
0.03138676776859317,-0.1655310897022656,0
-1.0654699651721646,-0.743650225551114,0
-0.0010120318291084245,-0.521999763311911,0
0.651271975880951,0.10412433825498885,0
-0.039287351866296,-0.5717952794564963,0
-1.5370573552723052,1.088140077308528,0
-0.4685749072794539,-0.880965680264874,0
-0.6723667760005043,-1.188545830308876,0
2.2162942405552446,0.9411547123409795,0
1.6714258384368612,1.2267925433041469,0
-1.0745388674292227,1.046005237083116,0
-0.114665513284916,-0.3918081963182558,0
0.7559899576220003,-2.0408995588920558,0
-0.6700442082617233,0.30503170439032523,0
0.4219344092552288,1.8686815530794405,0
0.00045294873790544037,-0.5248493283286677,0
-1.9262629853100852,0.9459615336254087,0
-0.2978614783860224,0.016115487554557596,0
0.8933081955993233,-0.18166935007203402,0
-0.10174040626646294,-1.1846103094276972,0
0.24666212564339168,-0.35753206360396633,0
-0.5820426219757545,-0.15998973333828795,0
-0.4811122921435848,-1.1262376779107415,0
0.8280687525903628,-0.40998030061035057,0
0.10552229535614606,0.5827738634866464,0
-0.0031323003814406783,-1.169589421832975,0
-1.530974512501998,0.18378681396895863,0
-1.50723519313524,0.866744595164733,0
1.3865632889017017,-0.18781421626037664,0
0.43160927934479143,2.3239722812824817,0
-0.47171462526428165,-0.5420242904914588,0
0.49495900876772314,-0.928684539646616,0
-1.9761979885981213,-1.8127446858057947,0
-0.543751959783438,0.37427827271682573,0
-0.5141848384669613,-0.23099145908836438,0
0.3141161096589249,0.9104816509579032,0
-2.30872825750016,-0.6068915553007217,0
-0.9107558718537114,-1.5573982370961923,0
0.8460992311121142,0.6869899641631131,0
-0.7351918104138758,0.6488631475086828,0
0.34360490391937887,2.278350026052861,0
0.3923756861618316,-0.14759090225556903,0
1.8305959348456011,-0.2626505788430853,0
-0.6839955465002355,-0.5912548386086962,0
1.8182791502021813,0.1801196825801533,0
-0.7954841871001734,1.3156796064049465,0
1.151749672267126,-0.7495924800068388,0
0.3628372893330551,0.017866228527282594,0
2.1233384996346074,2.0546603222541666,0
-0.2614384489508131,0.6192006847757906,0
-2.144697517851565,-0.7196929475852435,0
0.9081087164227353,-0.49154814822178416,0
-2.0307689585480952,-1.9558629061664263,0
0.004468461682855433,-0.026047627924176357,0
-0.062134254790318914,-0.24473733704623413,0
0.7902206424293808,0.098492717170251,0
0.3690625767637624,-0.31832142873160524,0
0.48485558266522605,0.6194803552239136,0
-0.7537041824223262,1.1487131891156386,0
1.3631028370899376,2.7437619305919836,0
0.34611368285132627,-2.276540562250919,0
0.5003644994874332,0.030524838442598023,0
1.5821883376218184,0.5983194036719014,0
-0.24798478472449664,1.9684814864002476,0
-1.5289754209279085,0.07942868730141539,0
0.15507026156624004,-1.2730798157512733,0
0.09678400272481918,0.7157992996951181,0
0.49571632866123994,1.3975959316489464,0
0.4232127462034974,-0.050902240308648046,0
-0.8316840123634014,-0.26973043430550947,0
-0.45362135783690377,1.0128277373415606,0
0.44783617080957594,1.2269399347864145,0
-0.26363990097978435,-0.6551886169107035,0
0.5386521498289183,-1.043895255345725,0
-0.598805872288588,-0.8326906304450156,0
-0.25855217740500835,1.0683511986647998,0
1.436371415236131,-0.34520686184478055,0
0.8224854268597306,1.5890341192517474,0
-0.11801297633386974,2.1016455996191703,0
0.5397223699638318,2.685588799921418,0
-0.10228668462430081,-0.22462016986954358,0
0.1696566660919303,0.6745283532047163,0
-0.6686376636383328,0.726941093930697,0
-0.18353953669987272,0.006578824322068159,0
0.31766838322387747,0.2456372337288829,0
0.8431832356743961,-1.3200276856152482,0
0.5742184494563447,1.5143814255096728,0
-0.015990520384126166,-0.24871307814065494,0
-0.23410883554316195,0.20555110923621406,0
0.9103391797471229,-0.0741470786301644,0
0.46707619330836736,-0.7704783578791932,0
0.7605771944649695,-1.3930396440351436,0
-1.0960774209808566,-0.4982836366262226,0
-0.8198281285022663,0.42318856964964646,0
-1.9316149165375978,-0.6485269982374454,0
2.2352105793568335,0.6166595168071031,0
0.46748096012086365,0.500483818205684,0
0.058023736409931935,-0.8599776425263153,0
0.33307720068172514,-0.6224150280596322,0
1.363330245777649,-0.4159709390187838,0
1.5700138037573166,-0.13974700901629858,0
0.08952658831156461,1.4222897544046227,0
-0.9294633822618491,2.4002658164034267,0
-0.49902303185002084,-0.26522177394905316,0
0.22196622017582857,1.1077959349159343,0
0.36872136065832534,0.5230529251280497,0
-1.9222793413321746,-2.0437865713070837,0
-0.445495470522434,-1.3349511106554963,0
-1.0928506899356936,1.1470546263371617,0
-0.6606465223450785,1.6319397117181533,0
-0.1924870678535495,-0.9039575158524998,0
-1.1049583701453358,0.12523651359544863,0
0.5114453849961349,-1.4747492362653611,0
0.7197825648115785,0.40669350413962563,0
-0.3348916154137535,0.4502033879359896,0
0.7068993233923884,-0.9821925302799409,0
-0.6806683214276477,0.09166834334367005,0
-1.117157565232972,0.2499339323518091,0
-0.9363643046279491,-0.3555423420125762,0
1.1048340572848339,-0.9961338045031803,0
-0.46413406826714787,-0.2014276149039696,0
0.59712263706566,-1.017850762521683,0
0.17131044729451617,1.5034551436294064,0
-0.4003795957094248,0.46165817656682373,0
-0.04075475486503255,-0.0031158847929329495,0
-0.40041616777433736,-1.053166854050123,0
0.21791373000057934,-0.366823397327358,0
0.5320969504054014,0.14102171072872202,0
0.13072313459104115,-0.4748512938580858,0
-0.40690517496239176,-1.5385038495352867,0
0.42286049355559296,-0.13336018726945625,0
-1.245136405438878,-0.9965120939341016,0
0.1402875326498268,-1.738814219544661,0
-0.7695081646219436,0.3557956716971828,0
-0.7376058615080425,0.6101320534587518,0
-0.49065967461803217,1.2920394955877077,0
-1.55123957469577,-2.0101980842661646,0
-0.5741162835092405,1.2642858219406818,0
-0.8928456062572706,-1.5542170395619952,0
0.5036915436974048,0.14725907426585805,0
1.6224133933745968,0.4604003822397256,0
1.2634019109078334,0.2922062758436485,0
-0.12126360503369363,0.17499720151932696,0
-0.5695979813976407,-1.8324270533844846,0
-0.6271144229958344,-0.8977912796436655,0
-0.38847889619982184,0.4651077456900267,0
0.627799578908525,1.1115138978639179,0
-0.44038685224865315,0.182520200109207,0
-1.7768572247097754,1.328879087869631,0
0.8298232293271218,0.1581593059592489,0
0.8339971531690394,0.13136799930697454,0
-0.2582821369494361,1.2457180286074883,0
-0.7393462082667464,-1.4612895100058934,0
0.3465904780278073,0.942889231074436,0
0.027448901238829593,0.8280513603180356,0
0.8014572546136504,-1.1158242467413244,0
-2.3345051437891646,-0.06287960537910865,0
0.7198680749576548,0.22946008223845688,0
-0.4329594265604459,-0.009901332453407302,0
-1.7814711812224109,0.7612587809015521,0
0.6419502415639907,-0.3678247754671795,0
1.5306968271316495,0.6061353325499245,0
-1.1093180054862626,1.1606380911864553,0
0.25940406017866985,0.5424759162116819,0
-0.7388847794265966,0.7643270206211025,0
-1.6216025482626233,-2.293104332697395,0
-0.28126716106544597,1.039503485005493,0
-1.6961511408575238,0.6397693875602156,0
-0.22507255699549392,-0.6795450978639368,0
-1.1587249774508592,0.24368644839954937,0
-0.9563710319582989,-0.31471449749663194,0
-1.5657701264799009,-0.0867151969600026,0
-1.4808959079108512,-0.6603355937288242,0
0.036659225773657045,0.22223899099327515,0
-0.41788234243583755,-1.451233311298878,0
-0.03680380927119094,-0.5343424249111809,0
-0.8308295970479885,0.7862983088414972,0
-0.17739375335327334,-0.11865564981346427,0
0.5813678413168492,1.525312233584396,0
-1.86815231371246,0.8681725201925738,0
0.09980115858156631,0.37700683273766805,0
-1.1908408240765975,0.8044972825455525,0
-0.10265310554940082,0.2502843095104549,0
-0.5888965839381466,-0.35285263940176204,0
0.22305270114736406,0.4685592805891869,0
-0.182406297603555,-1.480856857263015,0
0.33979741579590983,-0.5457931492045011,0
0.03766884589830385,-1.889027122605196,0
0.19436926412951755,0.6715087383962214,0
-1.1710655823141574,-1.2542338150106962,0
-0.759692491050959,1.6198038993329584,0
2.512273735410761,-0.26902024685517817,0
-0.023306755856749357,-0.6583606990021195,0
0.3430395849233506,1.2390474924157442,0
0.16790742966555794,-0.5456018713572918,0
0.4399290590915971,1.5435099865597932,0
-0.44091934309217895,-0.5663679904751566,0
-0.7536178362286822,-2.1071798966445585,0
1.6192678026974836,0.7440656297872108,0
-0.11859060445320833,0.18921215731912117,0
-0.03579873619131729,0.40952003002423515,0
0.05632135860177973,1.8825551802028646,0
-0.6430059004489306,0.7702739587632242,0
-0.5543500119968038,0.02340218845919726,0
-0.7244955930324258,-0.15818408198886214,0
-1.3384807796379063,0.34277896155972015,0
-0.6006379922057169,0.29618870523331886,0
-0.841301129780994,0.98031906959491,0
-0.6150835153818783,1.662945963933258,0
0.936007843243279,-0.8737954136179348,0
0.331505635265666,-0.5299641414757189,0
-0.23840404701837734,-1.0639153391136338,0
1.5406626895283544,-0.8494382870505585,0
1.8833508574757543,-1.182640920741335,0
0.7459573955562766,1.7078143073921686,0
-0.8777611741768242,-0.3395951969839034,0
0.7791918108366884,0.7188411885710402,0
0.7354046705726595,-0.7298236410119268,0
-1.7194199513644581,-0.6096346828198165,0
0.15415401546469615,0.1881622106756115,0
1.1298938835176295,-1.4527191414443539,0
0.6227874876183164,-0.23986193319375163,0
0.953634958802232,0.5980680882182144,0
-1.7977866088105405,-0.9871773832653206,0
0.08030019541053869,0.8045664906424008,0
-1.6687257481273314,-0.4991463724016266,0
0.3629692580101261,-0.45534822986173507,0
-0.7897034618962271,-0.29197944432744977,0
-1.0951316063265983,-0.29169576679548126,0
-0.474467566989016,-1.1514925079704077,0
-1.1454220184342205,-0.8954760922034691,0
-1.1716095115817395,-2.0433708079036705,0
-1.469841549705651,-1.2195020100055096,0
0.8106224885040731,0.1985499432633033,0
-0.020126141374396205,0.516406057229987,0
-0.04214688637484773,-0.7678263688122393,0
-1.3360257533697477,1.3737557254619315,0
-1.6141045041734603,-1.0621938668883084,0
-0.10535184420898527,0.04647710899162656,0
0.17164183778587747,-1.1220997941794135,0
1.2546682368161979,-0.8559422195581401,0
-0.7185595534289655,0.10008575132049827,0
-0.62120201147089,1.3697512601102317,0
1.875625993792044,0.023322005872339825,0
-0.836102745131877,0.488383483008381,0
-1.014140890432109,-1.594588671661422,0
-0.8111876861846367,-0.8598974753163812,0
-0.4251590843456685,0.6925921474542875,0
0.491710811450135,-1.5022850692282392,0
-2.0165696485407363,-0.270876825255931,0
0.23423065067002055,0.734886919311951,0
-0.5475387020507401,-0.217809571547978,0
0.8510364537305941,0.0014926247395748028,0
-0.7219048575314783,0.7614930540825463,0
-0.1866737845691793,-0.6554679537268262,0
1.2038212877250398,-2.3993317895773507,0
0.21046151829632792,-1.9901216887905109,0
0.9888869649154812,-0.4273958729002538,0
0.2686846354116383,1.7370272822324864,0
0.14313149586469795,0.5814280896081653,0
-0.26536258606448576,0.3380516343018824,0
0.7519295488041448,-0.8709415106843569,0
-0.4594258775211434,-1.0839840425179788,0
1.4764869560038065,0.9349593522030483,0
-1.7002109794118712,-0.6247560909018951,0
0.49095474923783383,0.04917481483468953,0
-1.0643133114585361,1.5625881902271337,0
-0.5678281479346671,-0.023863710392934587,0
-0.9490776564836636,-0.6470306072516882,0
0.32483573161365514,0.07647063507811136,0
0.07900350645094452,0.03192068766031416,0
-0.5964728837881215,-0.5307659580976889,0
-0.5164509159474987,-0.618550211180523,0
1.202862520541795,-1.3246836335498233,0
-0.9289229181259381,-0.49064581139073304,0
1.0586974291542706,-2.6048080430874982,0
-1.5293638579100546,-1.705932322992581,0
-0.20070046235037525,-1.516088975160676,0
0.19158587459998525,-1.1408911263191124,0
-0.7273703589077622,1.6937090775701475,0
0.01018532902576561,0.28521857600275036,0
-0.9874483183831756,-0.36045481402883434,0
-0.34733558790148517,0.11430762207115538,0
-1.825236380195622,-1.8981190340616547,0
-0.8202628367835657,0.5087215332374634,0
-1.6070805888726247,-0.10559282198605052,0
0.22814147767038334,-1.2176580827257428,0
-0.5402381389184544,-1.9902631097904289,0
0.24262551065564406,-0.711466357392648,0
-0.1582462554795734,0.2576089547627492,0
-0.515768343820426,0.01792388637142756,0
-1.536815652089821,-0.9631350961707293,0
-0.4206193464773087,0.7988651794159971,0
-0.14495252503090078,-1.6977672327332303,0
-0.9062046840960802,-0.01928352452457881,0
-0.6395816859448761,1.1005650831258298,0
0.03681103522522437,0.1956540806077171,0
0.12420780380311769,0.14391391345654767,0
1.75993917798818,-0.061597116225298,0
-0.6994329209001172,-1.7707637012253719,0
2.129852701775639,-0.593994278174951,0
1.331733100750871,-0.34185781768486023,0
-1.910563878382546,-0.6332350693887587,0
-0.8915265203286935,1.957604450952778,0
-0.5550308707217512,-0.9659136816781125,0
0.4871120382177236,3.3849506454306737,0
2.116999744338918,0.03571666451058863,0
-2.3351145568812375,0.7509552554822537,0
-1.428900557081125,-0.7156056719984107,0
-1.000442123345058,0.07905265920337465,0
-0.7657046294908229,-0.4100224861911057,0
-0.04112645804506443,-0.12030119805975313,0
0.7615329643305203,0.4065039541937833,0
1.3735541504298854,1.2491632684609515,0
1.4637305476072324,0.06778821007446949,0
-1.0197249569016749,0.7410341363026585,0
0.2819468105051698,-1.7045967791422407,0
0.17156671615399927,1.3615586005960796,0
0.9031019410002898,0.6189609842127523,0
0.18636628357893556,-1.0385033312063447,0
0.7620882880546844,-0.9253353202152768,0
0.26356952070133244,0.6680652272870845,0
0.9553469553720483,1.5125083248603242,0
-0.3342139544243172,0.36463670170399975,0
-1.0362013038503324,0.6893150189651773,0
0.17458142731208998,-0.3685783926290706,0
-0.43834308251241333,0.248880605501699,0
-0.06351928738969333,-0.012174408076697096,0
0.9630157757056167,0.12450507071502309,0
-0.020076118149452954,2.19298286174263,0
1.4017240446469346,0.5252605936051146,0
-0.00952399788152004,1.1224757480190846,0
-0.5606743380148157,1.0176084148125195,0
0.34523219300112373,0.6981349956082122,0
-0.7096543877817975,2.00376847801319,0
0.7239619576550264,1.1158576018983979,0
-0.7526309893460019,-0.22921193267851744,0
0.22562902313711314,0.061417383699336865,0
0.05903600888037615,-0.12690844941954593,0
-2.1446750544648956,0.6514399476233766,0
1.298170752027557,-0.4345081924344431,0
-1.5631684610317056,1.6999344222451012,0
-0.4141448477490248,1.6591921347559084,0
-0.9494215166303195,-1.6496614085043528,0
-1.470620850634278,0.5891560546509234,0
0.42242661034610185,0.16491556042580874,0
1.092356606501072,-0.19122040948914937,0
1.277016016413978,-0.27115956877114605,0
0.46057288851108724,-0.513374770490676,0
0.8029450201198983,-1.1651245972972915,0
-0.7834687286710167,0.27087127708868286,0
1.3077668411902403,1.7809151349775159,0
-0.18590415845475625,-1.7159924665469637,0
-1.560579890410589,-1.0305581094089369,0
0.5813712969272525,0.5108283735651887,0
-0.4805481970503718,-0.3844081365240427,0
0.16496650985751896,-0.9996037044232139,0
0.7629252240854204,-1.0252978844820986,0
0.6578367249454707,-0.4855260516383666,0
-0.21203492311349983,1.3515130104283255,0
-1.2305779588621846,-0.4600724101815,0
1.0462161036770126,0.6459875548936593,0
-1.0292910838826763,-0.8500317918540832,0
-2.0453009799157056,-1.5477888931706987,0
0.046741811863613536,-0.34426302379150986,0
-0.007009948564705605,-0.19987073153899435,0
-1.1535702951901454,0.05657305034219248,0
1.4507704640715142,-0.23312082773477816,0
1.1010366411181634,1.7436004909800944,0
2.21627166347062,-0.5069434672814966,0
-1.8777030289658407,1.2757196433494644,0
-0.5256056210030808,0.5350106367192031,0
-0.0008414403554811684,-0.12592805679874078,0
-0.5283278412198363,-0.8954993237811686,0
-0.41058075303263475,-0.0036616386891024835,0
-0.10992203183212192,1.1449233121199967,0
0.6134984517164861,-0.3424519621413585,0
0.15266230759396934,-0.9838197832837773,0
-0.016061670759273772,-0.027596390507719882,0
-1.1413566118687728,-0.5409055650057,0
-0.4978150209546951,0.5365866187251602,0
-1.429640351100812,-0.7240599229455423,0
0.8216589774234668,-0.837697187120679,0
1.018074548564232,0.6319924429993263,0
0.5903771565593123,0.3538750867499325,0
-0.37888795590914864,0.29112626963299,0
-0.2530825373111917,0.36229877465152505,0
1.199453091274863,-1.2993364252012896,0
0.8187350390659905,0.6364770956392979,0
0.557597274491618,1.3164537627156916,0
-1.9565271715096306,-0.41490182083448185,0
-0.7774858551020635,1.1081501288938216,0
0.09803457003119138,-0.32834920437790427,0
0.6664382865745746,0.2838410335907578,0
0.1928997881291333,0.40846115330844973,0
-0.12630654318478327,-0.12245359859135713,0
-1.091481674133902,0.4145799722339173,0
0.203610464074382,-1.6746534052290338,0
1.3873430080479923,2.569174601152975,0
1.2009338088865196,0.9166255652129189,0
2.0460381489856,-0.23330684374229463,0
-0.8995471065911563,0.06071665501948567,0
2.0852820675862533,-1.1921559952142744,0
0.17532051951823238,0.6709177408978177,0
1.0295929796575594,1.261526970892715,0
-0.35451715540680034,0.3782350717587841,0
0.5227962796304169,-0.7080493897909623,0
-0.8265973942467514,-1.0271232051504386,0
0.6114004889451865,-0.5691004782260554,0
0.9029633265515343,-0.21623341593791356,0
-0.9486160555198587,1.216542939470102,0
2.0831758882063487,0.04216422348007664,0
-1.0071757179631229,-1.2719515531637802,0
-0.13943195748514975,1.1759549871776478,0
-0.6857621649589289,1.6239777248010459,0
-0.21653685270793813,-0.8337013911561185,0
-1.2879560026339416,-2.054131510411568,0
-0.7641138515926483,-0.38553535524320903,0
-1.9959108616848464,-0.02073807227999919,0
0.4517129927652236,-0.5012936073017252,0
0.07233194487946036,-0.7849177246084746,0
-1.6459155812887272,-1.4732105303660732,0
0.1661747757465585,0.39977893795042363,0
1.6579822105749837,0.4289768632596985,0
-0.5143801941081728,-1.3452930355016364,0
0.4715247580607776,1.15034276229474,0
-1.3731484875117936,-0.4637364903036986,0
-0.29289597944920204,-1.250174460212544,0
0.15180303314267646,2.050856580357814,0
0.4085874572721857,0.09130599952480821,0
-1.3806055049109216,-0.6770240118537395,0
-1.7223968597009043,1.0161385600962372,0
-0.0883505439991802,1.0852846996964451,0
-0.2140348492769289,0.12571049598026826,0
-1.5051300855697967,-0.86276301871004,0
-1.0952755485258878,0.26135084873069614,0
0.8134539653792022,-0.24807162791018858,0
2.0529388245832947,-0.4343273812201523,0
-0.895000960235855,-2.2904614280088724,0
0.34645442274239263,-0.0036897829680969086,0
-0.7540337169816612,0.2778013085307561,0
-0.2977493464271084,-1.0352904496810098,0
-0.04926733007124441,0.30817117578501013,0
-0.8239392834320103,1.2092099194553887,0
-0.845085083375855,0.08446995893587929,0
-1.2556356556758377,0.2287044100511444,0
0.6799698431698898,-0.9604072360354763,0
0.10235731464336667,-0.7215512269704606,0
0.03861555354169028,0.7803138884360037,0
-0.9726232690924093,-0.9457166163288069,0
-1.3157962813559236,0.8373542355339831,0
-1.8319354891031339,1.4589622672208504,0
0.6755622596968496,-1.5516460355571016,0
-0.8246016396086843,-0.34247018140841656,0
-1.4247954571301151,-0.5732809177849342,0
0.8815617364306649,-0.6670666483698985,0
0.6998250852602272,-0.3760076474847058,0
0.07742186272394516,0.8219211985466823,0
-1.5431146593946878,-1.043890274649211,0
0.6451356195819994,1.207518453727521,0
-0.5412461926888513,-1.3125673350415608,0
0.09451962091395422,0.11309888093809134,0
0.1979710723130223,1.017988165700502,0
-0.17164958195409588,0.35902164807911907,0
0.9641214069769672,0.41077556282978694,0
-0.32375380412954113,-0.7953545832615228,0
-1.0849483306730483,-1.5904525634586322,0
-0.7638622709388703,0.41578219054517646,0
2.212294646487068,-0.014971901494704808,0
0.3832399988029326,1.9802966005435323,0
-1.1904798085634136,2.045414771967554,0
0.3203438178965284,0.5537848031985086,0
-2.46327777775287,0.07425131202643333,0
-2.361071711353272,-0.8325958968306454,0
-1.1679823684899044,-0.4184884746872542,0
-0.25431544159596897,-0.9515163525358195,0
0.6359083241331887,0.6316399356188511,0
0.41847102883379556,-0.15482214530593824,0
-1.1436074612425542,0.06476866663945387,0
-1.0029517531692411,0.8659923938498904,0
1.006829581469181,0.7618675887649646,0
1.7357495911881629,-0.6252532272343962,0
0.1410440690526803,-0.012955701323967703,0
-1.571273469747884,-0.7733527906115816,0
-0.3792993976741576,1.965962803286987,0
-1.3139595463283822,-0.5776577208427335,0
0.7822364815211708,-0.4313688243106936,0
-0.40027495851219264,0.9768952165396896,0
-2.4358271822059736,-0.4837613687441448,0
1.086769373321253,-0.32944710556870727,0
1.0093292422169973,-1.2275892774157013,0
-0.1569725627668444,-0.3436767072609864,0
1.3695690989360485,-0.6475884547518632,0
-0.06092333890781348,-0.7347425248341334,0
2.7227918104719935,-0.9103644420105442,0
-1.0995573726625756,1.142183280276013,0
-0.9977127981856311,-1.575898910485375,0
0.16999258460366679,0.762950327662906,0
0.5824760792506721,0.9642159923782202,0
-1.3693839368899121,0.1825774728731735,0
0.2063936040817951,-0.051235575977138736,0
1.2030474415961279,0.1571173331111798,0
-0.056912551743822176,0.40777214238467147,0
-0.19968463797971386,-1.2156345791212875,0
-0.9847579723866182,-1.3277052150751454,0
0.4891291951102138,-0.45602712504421195,0
1.3186890295510783,2.4369278325459764,0
-0.3928296586257794,-0.7486839982516471,0
-0.3781993988625685,0.2744178259976009,0
1.5449451088062873,0.8757405237565039,0
0.1780475091234985,-1.408517059785941,0
0.6305886705046111,-1.0853666634759882,0
-0.3387534581784494,-0.3838367634762969,0
0.5144298768825865,1.9877215730901268,0
1.0814608247741309,0.056563552507105416,0
-0.8818222780742156,0.5711018138191629,0
0.7478424352721353,0.8258619597748473,0
-0.770518308468987,0.10619864272528455,0
0.09545774620508718,-0.3687998282721387,0
0.586566453027781,0.6955308037948642,0
2.6780995819433238,-1.0171489666475122,0
-0.9098563610681896,0.23354082061770215,0
2.4689293642714363,1.191709824155312,0
-1.780869220274688,0.821679563632092,0
0.4443227508106009,-0.4765362242237051,0
-0.7278772230569898,1.0112191712488507,0
1.005815107362221,-0.0050917041638732395,0
0.976869476519292,-0.22900642775908328,0
-1.1225568970193869,0.9325168606506494,0
-0.09065376040879315,-0.4098584973044782,0
1.2146847115335073,-0.7626126376352851,0
-0.6348253261040364,-0.7332824578015197,0
-1.8796994057297882,2.1592976855943675,0
0.24406140081983882,-0.7068874163123723,0
-0.3960856680952063,1.0565960159484449,0
0.8219079812628618,-0.9973857467151976,0
-0.2894602478976321,-1.1346030940870682,0
-2.134132591979089,-0.7679678439320878,0
-0.46369183414896925,1.1566799350610797,0
-0.5919020808479432,0.4867807759595294,0
0.15981052277415428,-0.9107553742708357,0
-0.1529128602531116,1.1498959734611542,0
0.5146055607682306,0.004026153619645266,0
0.47192719628246305,1.0077423410802235,0
-0.9224578354251535,-2.272792029921446,0
-0.911927013193715,0.8744063922546017,0
-0.22441508868146617,0.34779500146684383,0
0.5520412952880186,1.0938116813645438,0
-0.47846906451909155,0.7683917131994298,0
-2.557529131593798,0.7180385703020935,0
-0.6550336080916935,-0.24293024261452145,0
0.07279254306130825,-0.37393140817058135,0
-0.07536020172450378,-0.44901671375045954,0
-0.9638111615048038,0.7028325392735806,0
0.058742016682737444,1.5005870203480396,0
-0.9455598511146568,-1.0949060372238069,0
2.028002115615357,1.2591613591562059,0
-0.9901846232827847,-1.019110688298422,0
1.0933038720638661,0.4548084893385679,0
-0.9969261423855876,-0.3053568028706408,0
0.4170761367289194,-0.04692412034547745,0
0.8868379813878344,-0.27992886659272853,0
-1.0474112647962928,-1.4551179924770963,0
-1.9049716891803052,0.01935781683966506,0
-0.5003076420562492,-1.0462689510895187,0
-0.29742533813445665,-0.3280306283601451,0
0.4948616292175909,0.9051472734001855,0
0.16212589562066845,1.6644346946504462,0
0.23266647378054772,0.48711554813808305,0
-0.0556879588459739,-0.383179724626328,0
-0.1540956196734353,-0.7548065093013087,0
0.17636831024748656,-1.5261762793064615,0
-1.3241795730517194,1.1283931702981405,0
1.2034968680938423,0.34620975626095624,0
-0.5116488000830126,-0.2844938172026845,0
-0.5809860136946772,0.037792199628458006,0
-1.1934889393861188,0.21018266849809933,0
-0.164859428340877,-0.470028904958811,0
-1.7225641887063752,0.6806174911642708,0
0.7190841080448397,-0.5136087916909177,0
-0.7814052659162153,-0.9336767321064273,0
1.1469860660258389,2.218899121383918,0
0.47192170501742703,0.357405154564561,0
-0.3776334346393596,-0.13666828198553094,0
-0.2741132503510533,-0.8249647787353827,0
-0.2332983101767773,-0.5616017742945957,0
-0.9614727071938587,-0.18308756819845814,0
0.03775230581878308,1.4114230999478572,0
-0.09590512530532994,0.9262161241463945,0
-1.4470689648984087,0.8780699056677465,0
0.3940233457712463,-0.04783133450322098,0
0.2067900928929259,-0.17670536881568602,0
0.4026122529594268,-1.6418769186214457,0
1.4915167571835564,0.14084102743459231,0
-1.8179919861578482,0.3457817951625959,0
0.18767824954298132,-0.02586621597497892,0
-0.7890985322550785,0.680574187813816,0
0.5675668671588147,0.8690824307505236,0
-1.0723046157299372,-0.43846505603338115,0
-0.779966427831586,0.4862678502979811,0
1.665188734476809,2.522640726209645,0
1.6644387483220497,-0.6511490571573494,0
-1.2647537769132813,0.47280211511400566,0
-0.49618361708978304,0.7091179403353821,0
-2.080490288848735,-0.4172404482081968,0
-1.7396736993279485,-0.8009484249225669,0
0.9547414944212443,-1.0716027853051218,0
0.7239151578070179,-0.34271679034555763,0
-1.5703650430087925,-1.7928449531669297,0
-0.44422400988226873,0.2533559439426626,0
-1.1058187173307505,1.0382700978689847,0
0.35922156006505207,0.6053826833446321,0
1.4099707823220018,-0.259740296939039,0
0.49729842734220114,0.45045017297804757,0
0.7704615524264278,-0.10538940600836975,0
1.1418894024081778,1.0367682441044888,0
0.6848497909735379,1.6462529887548891,0
0.8579789510244173,-0.9856940670967318,0
0.7152178008523868,-0.2361931584882722,0
-1.095006812681824,0.6005437873268678,0
1.3797534691559932,1.5252512293258476,0
-0.3005544151447607,0.5486310753092549,0
0.31044576565145354,-0.6407285619043113,0
0.7505890726529622,-0.25631284090146444,0
-0.8469502157378616,-0.8199928755392053,0
-1.4342907055024898,-1.5110212400519327,0
1.5060865636439502,-0.4086275194100058,0
2.3986015280522275,0.39481044675781574,0
-0.5286613693648591,0.11483054108660479,0
0.6587131181101599,1.790856984349227,0
0.281337429180134,0.4670175341684266,0
-1.8160317153935162,-0.6816097420646104,0
0.7716423985264163,-0.355636507612186,0
2.1216215378274543,1.2119565475569565,0
0.7878879328292455,-0.46080637328506363,0
0.053065810999960716,0.15027660804891577,0
0.5852704226455248,-0.23692503351040242,0
-0.41014715580817107,0.1488684614932867,0
-0.04773249536475232,1.7369714824271822,0
0.0644444905859101,0.08828758720234571,0
-0.6960793657404009,-0.4010817009862137,0
-0.9198897286236836,-0.5567031952987939,0
0.24575704614920754,0.703026854881756,0
0.8172673242404688,0.954585697189089,0
0.15736449776360564,-0.1058848176193557,0
1.2897505675104588,-1.0906211110440898,0
0.3663202145181714,0.48376075721380674,0
0.5261345992139622,-0.7737830568102569,0
-0.43259600330493636,-1.5282301522283173,0
-1.0211197559195264,-0.48075688108084,0
-0.6222396733326345,1.6233707168884228,0
0.34326297227103947,1.5059112560540135,0
-0.3509102697339095,-1.199185191982118,0
-0.9204556820403251,-1.2367422848880185,0
-0.38826311071145003,-0.05897913663137562,0
-0.40876507398547396,0.6168352815716778,0
0.49123499939181586,-1.720502439432677,0
0.04111464710378092,-2.06178986248587,0
-1.5123977474783485,-0.08721595396361899,0
1.1048807321543164,0.585237194043611,0
0.9924031479304524,0.7205471588174764,0
-0.25449828619960435,0.7317029472845239,0
-1.897668737526183,-0.1322528433182832,0
0.5677770124137884,0.30312994946943256,0
1.813662598224113,0.7943086349123911,0
-1.7691551555211613,0.2744134329021688,0
1.3308298230736515,0.5814152266066887,0
-0.1567356633672405,0.19764328614561058,0
0.35891643644619614,0.8953159434287801,0
0.37617479866410775,0.357893961329274,0
-0.4272117590328947,-0.4190881588926136,0
0.4073463841638769,0.2686997304478404,0
0.3024611766472032,-0.16556986887765562,0
-0.8106106786009433,1.211535814910439,0
-0.2476081743434429,-0.6213644978326675,0
-0.32873257735034994,-0.7509845433440447,0
-1.1424806862084744,-0.6749161875509948,0
-0.2000451631656751,0.36627692986196664,0
1.9294257542107265,0.5041651161555482,0
0.834405182231505,1.0152154843301453,0
-2.7531984690991425,0.06919777307501766,0
-0.8109941168489939,-0.17747039911474669,0
1.7383103687178418,1.0518762752548072,0
1.0028731683744203,0.21755617224694143,0
0.42881993931484425,-0.16833265565619984,0
1.0601390616011277,2.006179019493642,0
0.6796301719612796,0.9822561774188906,0
-1.0251076567044584,-2.188047398735168,0
2.1408372396556543,1.779067335029528,0
-2.0913673473050927,0.3857680148266681,0
0.6382648490372912,1.2665451920228266,0
0.42743555277457707,0.29342030719554796,0
-1.0977376502542866,-2.9988614476062563,0
-0.4923410304255824,0.09924923712926635,0
-0.9030164582647419,-0.7790764833471967,0
0.009085381221056071,-0.4863152249368955,0
0.008589020897953985,-0.4255186854811711,0
-0.24770541384900904,-0.7152296173042534,0
-0.2735932806883498,-0.31060813748422034,0
-0.8397305288513109,-0.9047390184420062,0
0.5752758102112548,2.1714942784488587,0
1.1150553610084575,0.288099085936762,0
-0.4078737211015391,1.330668229825861,0
-0.3302002855109961,3.638772550976638,0
-0.9592067730385307,-0.676829400626175,0
-0.13807954429976807,0.2231209643771989,0
-0.8117298639781321,0.004410469398794354,0
-0.48702516620519176,-0.3737135713587366,0
0.2485313081789936,0.05718405798786777,0
-0.5660838650491593,0.8680344745867035,0
1.3998979982377227,-2.319432118407019,0
-0.6312205404899317,-0.384896573215779,0
0.26021238538187424,-0.23122890452458977,0
-1.470002321471049,-0.27146561603525154,0
0.34122599640842094,0.8561109380461657,0
1.6251892106366428,-0.11990507019317034,0
-0.059972447674552884,1.0308785971218606,0
-1.06279119786531,-0.4137837731725989,0
-0.8881165945750137,-0.23519696817196856,0
0.22371770425031615,0.7700613098285085,0
-1.0970502765761527,-0.1429388279648867,0
-1.3688990240839691,-0.4729576510378725,0
-0.9490530493029806,0.4045918273577815,0
0.5782897808076503,-0.5372032226508268,0
0.5974289256685155,-0.3448066714001945,0
3.458847729279455,2.3701554735004438,1
3.4566768668518106,2.178938137254198,1
4.652867211099134,1.5995053069111476,1
2.515631961565746,2.517575732181641,1
3.023173123809899,4.086174823480182,1
3.8448221329817818,1.2527097385092762,1
3.064048213457441,1.8238434396340013,1
2.2165869127587,3.554074907035291,1
2.0277577206715445,1.6012403548922576,1
1.7545544526707952,2.7791352401633826,1
3.115779178221192,3.2124176407693152,1
1.1286933789973863,3.3226894404152234,1
5.543175384919751,0.6743583300501301,1
2.2813520246935948,5.184589069500406,1
2.540111285624044,2.878176934684363,1
1.7733192601448933,3.074765341858093,1
2.9149882672651435,3.6830920906560216,1
3.777868342287399,5.487405450598546,1
2.38251719116757,3.015268925556187,1
1.9740192500944145,1.9327819107689514,1
3.317960876626885,2.197769611833384,1
3.5126679325336974,2.667600783125389,1
4.326266833939654,3.0001545394989413,1
2.9943309147394372,2.9946647968876645,1
3.356169218613594,2.8274548748471084,1
1.821783358409361,3.152214333894226,1
3.350903734488327,2.289722781822322,1
3.600396341993784,1.4302446857974536,1
3.9012371582212535,3.1333540726938676,1
2.902845625170424,3.326213047000291,1
2.232713885138191,3.604745622838227,1
2.6241303612522535,3.2537360136077376,1
2.4412933629723987,2.869177294483171,1
4.886796629429565,0.9543221232300465,1
2.40090020318479,4.695012640014602,1
2.9529764622213004,4.50963313228792,1
3.045255511779591,3.1882115817144574,1
3.3109756546188693,2.315041898675494,1
3.21577706565016,4.208678210334378,1
2.84608962082246,2.6212392575063572,1
3.3552530552420197,3.356104363318497,1
2.8056339963597208,0.47748806060155546,1
2.7216737876608152,1.8339597915533365,1
3.322247708920793,2.5028962597799955,1
4.2247119313840695,3.4938708318741143,1
2.9143329774102384,3.4411930794364465,1
1.824617804746226,2.8278966783683517,1
2.1174185376669183,3.7929359495624015,1
1.8253219541805084,2.9064394644679,1
4.736550412094794,2.2311896820348327,1
2.162868041763886,2.7698101654265037,1
4.3669609890689385,2.9646714059857198,1
4.93075294981902,3.012883899981409,1
4.10378140609789,2.6515741068592678,1
3.621791181878735,3.0919098114104733,1
3.342369150905655,2.4650116850050785,1
2.374107811508705,2.440087999286333,1
2.0991070775993395,3.2936504413976615,1
2.5960381206251295,2.2274318328830374,1
4.952805891001905,0.8211670121321726,1
1.5190654188803465,5.409290894193007,1
2.8599999025907468,2.828943473440988,1
3.3055674517839044,3.3417926154631776,1
4.6112433319213775,2.7072398780185862,1
2.848125549896726,4.001643260577562,1
2.6580949289335742,3.3651158134655055,1
2.8076438918776745,3.892600034518321,1
2.9460893612811945,2.375215868281715,1
3.8342935096185644,3.9985318507563523,1
3.130800406575632,1.132800282243188,1
2.8972711335283496,3.1629400073034084,1
3.004572140549569,3.2840771758842267,1
4.061366507556022,3.7014636861825894,1
3.800544600609367,1.2191644996585145,1
2.1111230384575705,1.944629740445497,1
4.124717359239159,3.8411606522981807,1
3.119645271216621,3.153323721636394,1
3.6513329876960294,1.6193783592669377,1
3.1145302063695137,2.5095442214894677,1
2.2966402192743396,4.363228742639918,1
4.04192024613427,2.2497481410895377,1
3.272842052432707,4.076200482870519,1
1.1251895376998324,3.6737348170572277,1
2.9097411305723164,1.602272680067991,1
3.4645741773082155,3.0872284928400164,1
2.159052232798966,3.751081304105584,1
3.3476505562502026,2.8319119217231097,1
4.909501511702545,3.562874045781908,1
4.405431757644329,1.8131562431402943,1
1.3725393502440328,4.635506334341891,1
2.9417468042969714,2.635318067812976,1
3.957624534031054,3.666751687227539,1
5.690451695174556,2.1239315286180056,1
3.990277313148618,1.6942153960313537,1
3.6942607254034536,3.0021248947100925,1
4.561874080482797,1.9849759927389294,1
0.5614847885281788,3.825585977588127,1
2.455420060144829,2.761312064088216,1
2.6679667350829597,3.3546892206891648,1
3.8058124164134948,2.771445855838581,1
1.4323478408489057,4.341771746600108,1
1.6546019953925368,2.8151768045892562,1
4.050582981973302,2.5083756640221857,1
2.013851099291304,4.406916289378935,1
3.2519762430203074,2.7471853365698307,1
4.365747034255464,2.3495251459095066,1
2.0211800953494543,3.4438994090088326,1
3.5362557767011733,2.7783355871409867,1
3.3129701251336843,2.6087807099880465,1
1.161007798193156,4.546707450988962,1
2.905812168212959,2.3280060347810436,1
2.2927995844168496,3.4927730821062375,1
4.305235288240146,3.258152726291528,1
1.500264095878869,3.789305160408463,1
5.100905755700624,2.091200518627439,1
4.019706624065775,2.9157742005758,1
5.116416183686088,1.9397192298261277,1
4.408803910238975,2.455847855965839,1
2.4241345134849444,2.4471491438362003,1
3.734194641570247,3.0778683080236853,1
3.2603685443624117,3.431118219388439,1
0.48112484085114016,3.6680395241634773,1
1.7578993439040849,4.365576266541412,1
2.9375987111223893,1.4883529795943335,1
3.6977292930151178,3.3927818258344407,1
3.996844701602008,3.7911779247915205,1
4.162823327130969,1.8228728368788338,1
4.224839398042601,2.2054156478150047,1
2.036042492622255,3.4661054391583024,1
5.217283645296644,1.018114976532932,1
2.887074125354794,3.5912938798936285,1
1.3700366427986284,3.3626755530441335,1
3.157089201908001,4.253904715245071,1
4.623051723513428,1.7551654174766005,1
3.358253311087657,2.5452877612721663,1
2.4314459518791014,2.99205743654073,1
3.5649781123453517,2.4754315729836245,1
3.234182890192358,1.4810514912118058,1
1.7726360319149355,2.8680925348155535,1
2.7364743872247694,3.810871011873465,1
3.9905372129831873,1.2077574787316352,1
1.45681286503155,3.3822564224385165,1
3.6477735971275225,2.8989442246981763,1
2.2195979678201607,3.482777208501591,1
4.32321347797248,3.359757238604468,1
2.17715450367887,4.981045961272025,1
2.453037864886239,2.5906092360793,1
3.9786491985838994,2.6395978283255275,1
3.4918734801517117,4.166520339798536,1
1.5863560715952476,2.6351753312814465,1
1.561432086864668,3.257646653222828,1
3.45758797443549,2.838452901951111,1
3.230894061373138,6.448811197880795,1
2.4024636503064016,3.380775187224819,1
3.0942118013399225,3.956076262534254,1
4.320591865788071,3.8035308560326775,1
3.108979806560334,3.479957758749896,1
2.7125287062975674,3.7862992984787667,1
1.9584526351743339,3.311203545228852,1
2.799257242566475,1.8990227142384635,1
3.1064878298791654,3.8151622702700987,1
3.621574799478677,4.359711366897452,1
3.4001445534931536,3.3911212442603325,1
3.651146112362582,1.890831342866882,1
2.941575115598584,4.063096050632361,1
3.194645041514666,2.7206375812048207,1
4.012527613824811,1.5650297388015502,1
2.6224460207883573,4.058145732596752,1
2.625796901294846,3.433096119597474,1
2.6036542451030362,2.6150432461785313,1
2.685637468002487,3.812464437104311,1
2.2921153132549468,3.0854718671627213,1
5.385164861745473,1.91300373365032,1
2.8756260734875494,2.1035238755116845,1
2.2089816215394684,3.327182767711517,1
2.5104776099359456,4.21957367493263,1
1.6407784959884817,2.7430009104829307,1
2.1774574199471317,4.131658377284198,1
3.3825505089930354,2.787109013561591,1
4.673808890554297,1.8097156367072258,1
3.029655308644016,1.3698436251002817,1
4.8856405344946525,2.4309101055389197,1
4.4146939168937,3.400037182589635,1
2.4218903601613206,1.5579364607527029,1
4.631286795798341,2.830945232370186,1
2.8013179902917136,2.5499397316886085,1
3.1678478519698596,3.4258694882199845,1
2.956067974835566,4.757819427125414,1
2.5055543645051963,1.9254448540836093,1
3.487330294184758,2.82063775440123,1
3.2107491693347527,1.6567345952680748,1
2.694046229467709,3.2483875318270505,1
2.5248263254427568,2.5777098915183516,1
2.6389712923642663,2.2674613037004727,1
2.894760862201265,4.330162669724039,1
3.938538198898796,0.9616497194700342,1
3.8219811125529928,1.4089001960719034,1
2.2096481641519166,2.0751084804629887,1
3.149277950914944,1.662823666672022,1
2.8739203997996823,3.208128926282839,1
3.6864920568525243,2.522725220526263,1
3.2800342441628527,2.3985390946020155,1
2.4438472447113537,5.142207660994511,1
4.538632207976028,2.443120428583441,1
1.6665094613342575,2.974847093012774,1
3.2497331527807853,4.569972433280037,1
3.362222567161697,1.5521734547704331,1
2.3401538873378067,3.981083696578586,1
2.7568809104436047,3.646109685054139,1
1.9002593843122115,2.5302376274585248,1
2.8475642413578544,4.536313300385662,1
3.15921941999258,2.7893379592424945,1
4.538655549139785,2.0698188839482032,1
2.5019998439708266,3.4244147523571673,1
1.8958745860364206,3.708839903524714,1
1.9415585919544982,2.851958292108689,1
2.9158389810598617,2.8778622788848773,1
2.599735866679045,2.96303397472457,1
3.5946926923994544,3.3826995017708894,1
2.401666755018263,1.697405583847558,1
2.406719615824271,5.227838893419987,1
4.449892132930954,2.366181147640466,1
3.561392362880155,2.7503699146649048,1
2.6241113987672327,3.0985335515423187,1
3.223362485121574,1.959578323076715,1
3.2465448820271727,1.769229808123745,1
2.630711548833814,2.5223898109402416,1
3.3299787360540907,4.429754646361011,1
3.6092874865261724,2.673979738593909,1
2.8763812940313382,3.682099324481187,1
3.3781397493240917,3.500613938780205,1
1.8789875009608887,2.656590572032586,1
2.824192316948021,4.22566435986864,1
3.63782525688885,2.407063395372374,1
2.325250827673509,3.4270857210591266,1
3.5334232695887073,5.263548385459863,1
2.8166451925388944,1.5492807962057298,1
3.1819357522326897,3.6718285175312086,1
4.045891024119909,3.6736301818495933,1
4.4891546837786676,2.33071768763144,1
4.505658296697504,3.5287370773867233,1
0.9400226115751313,4.1528570805118274,1
3.9516061797070234,3.0654719242846817,1
3.285249069253452,2.661019653079579,1
1.8438372460224908,1.884774844069512,1
2.6031078935683896,2.580795198434939,1
4.251632540571285,3.456495881420204,1
4.494126920902493,2.4680704320637976,1
3.0593987569600944,2.609584547648956,1
2.5639588646035536,3.838395253199619,1
3.1127428638372603,4.032828675459864,1
2.9049052211903783,2.370686505311176,1
3.3865568691644823,1.6368042210023106,1
1.3587264323124477,6.113998308494313,1
3.306894299559831,1.1283523440621968,1
2.935273381403788,3.7122590593501914,1
2.4066418229969604,3.2916904138376095,1
3.2951206003936937,3.0928316844406054,1
1.617795037664981,1.7562933487675922,1
2.681571545923263,2.3110307754910626,1
4.624843081293262,4.907363005230369,1
2.5182401457406045,3.1107865267061774,1
2.542381874935615,4.028742135277483,1
3.020326646522235,3.697708658654813,1
0.6729189500566704,3.988995808108768,1
2.070091144435536,2.8337999206587123,1
2.008629116514018,2.9043663439641425,1
3.161914335105079,2.4889305697310258,1
2.7566363861049563,4.330093567396187,1
4.036828915393376,2.0281700013043755,1
2.8275400223010143,1.6833768859033988,1
2.9924638608079106,2.6425343815485554,1
1.2996611074747733,5.212623866467377,1
3.7765459301551605,1.555204456225654,1
3.412073867917789,5.059004945429464,1
3.16648235990856,0.6091611103560242,1
1.7220785076015084,4.73891920398909,1
4.016330813322751,2.6162508522504413,1
5.12700473977864,0.8769892134887982,1
3.2825077095831934,3.8111034677452897,1
3.8681222580588654,2.233264158591056,1
3.8971882535792073,2.4049858811961684,1
3.4804155700860133,2.036713005109633,1
4.18806943388189,2.58236535737739,1
2.1690911822574894,3.5533020156176374,1
2.112173304676893,2.1738302189060703,1
3.211905585747793,2.728691510272422,1
0.22920049545003396,4.455102376418778,1
2.409292174829233,4.770207032432076,1
3.8141576066136436,4.266670211924693,1
2.9302286620189366,3.5302307079607314,1
3.7667003524892015,3.681045873212125,1
1.745842567263628,3.513846082476182,1
3.9435261271317916,1.8163039438167845,1
3.607430066314067,2.3174066433635523,1
1.7318021734165743,3.727111211296035,1
3.0688520266147687,2.999801399057251,1
0.986695498239619,2.3547491890306844,1
3.614134533275976,2.6358597028026702,1
1.741452001002882,3.6765211740073815,1
4.87955139512124,1.8537010762458983,1
2.808429247181476,1.7839381787240944,1
3.394196671793292,2.3874699806273085,1
2.1827302596720877,1.207608788189005,1
3.030988356109734,4.477464135427733,1
1.801662258281378,2.8522099028541437,1
3.158589605959672,2.8336942698026846,1
2.9126320946648745,3.8781590360415166,1
3.6404190651401978,2.4565993855802564,1
3.4926048522583297,4.229947349309194,1
2.8988209006472987,4.034803562533074,1
3.7668556953289185,3.9020220714363645,1
2.1602121946461708,2.8209348499839577,1
2.281452102585588,4.5443181856598525,1
3.0735216441611346,2.3591346257250443,1
3.034916971635472,3.5131306689888664,1
3.025110585199444,3.343234804652358,1
2.2633840264699954,5.004482929461132,1
3.4031915223718348,3.7105821769274185,1
4.067864201685715,2.402969433382042,1
1.4122928949299791,4.3297117223662855,1
3.2976033318140656,1.930834690068074,1
3.414218833889477,1.6572383542663263,1
2.4671685162710473,1.869742158538082,1
3.521202471269074,3.5463862780492144,1
4.630676920240073,3.166964060848993,1
3.197885949396425,4.021513444096665,1
4.035907114889032,2.9751807691104504,1
4.4070227790745795,2.6463322692561864,1
3.188766530881427,3.465849140624008,1
3.418264211970216,1.522674868358828,1
1.957448971475045,2.920450537498222,1
1.817741514495259,2.564639218002618,1
1.5870094617320232,2.9546492853277964,1
2.92484980662833,3.8154066970166385,1
3.9060869598686736,2.782576161482692,1
2.47124159327449,2.891192124383564,1
2.6520177639980163,1.025772200742775,1
1.7923533156771787,2.3561470762841603,1
2.767272982424114,2.9210108845643155,1
2.2737650623414214,3.368849883036936,1
3.6985898445619503,3.167371250934622,1
2.9169079675482474,3.457172805770861,1
1.7132076544443915,2.469878906836226,1
2.75219888509936,3.972483964909295,1
3.675276187517696,2.035923901331641,1
2.952121177714947,2.888740080866853,1
3.5776414977877957,4.115974518250569,1
1.3515324376713342,3.0958288740777,1
3.284678694546195,4.2877364144119845,1
3.33357772441657,3.9572877230234544,1
1.9832904356966423,5.227979034201276,1
3.417283663615328,3.8192816950013198,1
2.8973289256113084,3.1309535366152277,1
4.208247030955995,3.641608602006905,1
4.56639925696631,3.246722686282202,1
1.7691559624165505,2.5751626433610046,1
1.4611992273032366,2.0540158995185505,1
3.0194093224555583,4.028010693519334,1
3.550664441949792,2.59551916330848,1
1.125304123589824,4.276288305919515,1
4.730282479914677,3.0228453002188376,1
1.4198980105935637,4.58447476730724,1
2.9781602849048703,4.6090954237725885,1
3.3114991215531973,2.1142792701987796,1
3.0045051327636623,4.9892306489366565,1
2.0256857514055993,2.933303866667528,1
1.0838534961898834,4.287893265018193,1
3.4727265114611274,2.932333076861703,1
2.252214811612674,4.758223190413998,1
2.93960993119791,3.608560450156823,1
3.2951171423556542,3.36528243724274,1
4.863921194405819,0.7851281271703048,1
2.1244909210218488,2.5136108489452917,1
2.567569378092366,3.1904970105672965,1
2.5153012644066655,5.345920774545439,1
3.2863076622894787,2.535218750524774,1
2.7924130838040773,2.6731762170452615,1
2.394160109377461,2.708628447095974,1
4.279932152687083,2.456869703798037,1
2.016617402687165,3.031703356322257,1
1.9044949505882063,3.348212202417597,1
3.2812137226231806,3.689430403017493,1
3.296127667708914,3.241929035664375,1
3.3001276915610016,2.4674099119842747,1
2.724287472920871,2.3923491145858,1
2.2263449456633277,1.9413051724074861,1
3.227446195647746,2.435484574947286,1
3.0636669037326776,2.6505894648300607,1
3.3334373171217337,3.2338455373437767,1
1.9105355020737524,3.320651913462614,1
3.353569753875723,1.4134666700516085,1
3.1845960932821464,2.3990049880026487,1
2.8539977156952543,1.6124163655232833,1
3.475069803483648,2.739597068390824,1
2.190495982347347,3.1499521666270924,1
2.784727376160215,2.1187883978389492,1
2.523409920481502,2.4727157814906784,1
1.4813967198684304,2.4055375504822836,1
3.4680802155183117,2.8881947928687253,1
4.445008076105587,4.741432326830753,1
2.1239754940067113,2.688011085692238,1
2.0261242342553674,1.8721927610994937,1
2.5721389856267862,2.44217579497104,1
1.9368763549614287,3.4128988233318402,1
2.718138601283438,2.529859219411957,1
1.4080434381283897,4.211856995052175,1
2.0042039557253526,4.959113400323208,1
2.829490851054723,3.606800092586051,1
1.542083990609494,2.177063054370095,1
3.724845179221279,3.275159218148532,1
2.2081006452242606,2.129256305957444,1
4.050412238070118,3.9659126005274117,1
1.9580416938859437,3.968594172857756,1
2.016088592036188,3.5502544532511098,1
3.8267837360462993,1.0793733554464076,1
1.57786229842465,4.097944715151449,1
3.01883576823451,2.626390893528915,1
2.426766269422033,5.497094264042783,1
1.1170697717264548,4.6947453975042315,1
1.8644020850194933,2.341082250017106,1
1.1183896984925699,3.4998749026327554,1
2.1760570231740184,2.5255971168914266,1
2.9794284795108066,2.0299092521928,1
3.1711354105672926,2.19096600449077,1
3.9350354248089805,3.0509785568019785,1
4.0212429291867755,2.23970520635176,1
1.7144388750355455,3.6783389975928698,1
3.4424245065044254,2.284815078588475,1
2.163710752925926,4.0659604933197775,1
3.7145439436314565,2.857986631090045,1
4.291794065066155,2.514401379884681,1
2.4884683094298463,3.147327795935843,1
3.1515219772763032,1.7993430070474403,1
3.295891149071994,4.158258191847835,1
3.7849991631256206,2.757371298818902,1
4.336750461445032,0.9715205111184417,1
2.486864544996511,2.4367835205580484,1
3.35997186428856,1.849900708992879,1
2.6536013493472357,3.1247479669363947,1
3.5498965804337494,-0.059142840237865535,1
3.760041384109889,2.7815006876395714,1
4.919464861461384,0.4892464201115221,1
4.245626292050552,3.3970771203039356,1
3.5369938474521634,2.9161648305029675,1
1.6256547250090263,1.8534250194435546,1
2.5080818326692165,3.7467787495868334,1
4.913014274025773,5.732572829712499,1
5.700609867643309,2.3400787286829576,1
3.401733671295352,2.9382384731924094,1
2.7857115457049932,2.712325255240512,1
3.654353990980678,2.7355260027949613,1
4.667233163009726,2.220864084708526,1
2.666988619538724,1.995895306421795,1
4.10655147174309,3.380927541500946,1
3.6436649657101468,2.780463075063622,1
4.037708403105711,2.8590768235948065,1
3.5409777266944324,4.646325742410421,1
3.5371256952223584,3.254037339237776,1
3.687583506966462,3.8457126630673484,1
4.020292285654152,2.8612098883088657,1
3.1189957407283893,2.8050557838904906,1
3.075254213111136,3.2232006488450433,1
3.220732882560745,3.0333191818632783,1
2.3106804425019485,4.855319349964065,1
2.0297643471860023,3.4312340167514765,1
4.2820923076861375,2.848234556188692,1
3.1649522171028606,4.577535225291946,1
3.351141932232758,2.377252435924232,1
4.089605351651596,1.4460165731449086,1
1.920556779739368,3.5274784438683655,1
2.3709255234502153,3.4036681617475173,1
2.059753488480415,2.582279745814391,1
1.161722040851302,1.299118149959136,1
2.1860795205240704,1.8847185206703312,1
2.4876165287487986,4.432224255835824,1
3.52359724502041,4.276081593072837,1
4.798794966142907,3.2687130516411984,1
2.1084951385841837,3.61160887095555,1
1.4299416986297637,3.2610741647796893,1
3.3046980329497786,1.975208895478105,1
2.8014075315503,1.9484566064470368,1
1.8607785780703625,3.83294076497077,1
2.3783769899447798,2.946774172434577,1
4.6275853944681975,1.6919507811831587,1
4.5011047999821985,1.4176863015220886,1
5.278859188643173,3.0725174838545217,1
2.3278006698163733,3.797328903489095,1
1.4804798202102802,3.5181456109098734,1
2.680042363565221,3.5563765299099086,1
3.5398746872498887,3.965594276537648,1
2.5802572093337632,3.7613652355745546,1
3.7662418576950984,1.097816046636398,1
3.1541709466425685,2.956308736509053,1
5.337966536017062,3.515567788735417,1
2.133662030086589,4.578773974374984,1
2.816377506032742,2.932533454642338,1
3.813299290925621,2.278376894913083,1
2.0575577950033495,2.473171277785254,1
2.6387258670873304,3.177569148933595,1
4.029112989780497,0.9528657366285915,1
4.450230520296478,3.7833116369829174,1
1.7612109747733922,2.6586259228958036,1
1.6927476312420726,2.4764575993043962,1
1.8483854633845822,3.5941723310274982,1
3.8598437831209123,3.7088599654842076,1
3.2111981804598186,1.1357092896306225,1
4.084826031844848,3.1438003936978696,1
2.5494101192785834,0.09953818540654957,1
3.6901501593785686,2.962678358994273,1
1.7583080837635439,3.693672002127194,1
4.01435961567114,3.350954145455706,1
4.277581960231191,1.2627140590939308,1
3.1122367313174806,3.41928602771937,1
3.431394873537508,2.609356281074977,1
4.61672863608914,0.6044213390177204,1
2.0532365991173376,2.784497425459968,1
3.216818737008392,3.31192793651601,1
3.377019721813273,2.8246757320554745,1
3.653946926923508,2.1015873101224676,1
2.6008944519470867,3.584838460228641,1
3.6055248409125276,2.6597715863802827,1
1.211101552369633,2.363375216683648,1
1.8665936277474884,3.7355443999560047,1
3.3652598809266663,4.0513417831444825,1
3.6861677321870108,1.4744103534602824,1
2.7689605597827978,2.3036897679657287,1
1.094376208564052,3.891877378833424,1
3.5688143145213975,2.6730220490293384,1
3.735116067183668,1.7967082009395925,1
2.5471381275801392,3.059016130627513,1
2.7621337917754154,2.6115520064243407,1
4.411262108074689,1.9692521111225416,1
1.5960142761220615,4.425758827048731,1
3.2282065712147228,3.591434046153261,1
5.030588218032658,2.9838542918456046,1
3.802296870294905,4.128542251627636,1
4.666570033238934,3.4845898436545792,1
2.7022325883236693,3.9521332659072934,1
2.664291939668806,3.0416450337488072,1
2.1151384522757835,4.050937585397521,1
3.9249658719131464,0.7531612800753762,1
3.3332315072691525,3.033564236148283,1
3.7667759428784953,3.6755297462589573,1
4.657976380932031,1.5119191567190027,1
4.9151535648409475,1.983750145616271,1
3.324399657468324,3.1720895569874523,1
4.4534263708003285,3.0604569522727423,1
2.5053641909189404,4.185094739799376,1
3.4474683389680627,3.238628053555449,1
4.076068562111956,2.936238545417824,1
2.303527736853237,4.963235761039927,1
3.802041684936405,2.6255930518598958,1
4.381194717880342,2.296066631717361,1
1.5305136498823664,2.257089821234521,1
3.7691528494595596,1.8958326899734543,1
2.52702467817808,2.0419029126706256,1
2.8351691159193093,3.462378470847903,1
2.709492500022363,2.396242937112553,1
3.1338573398893117,4.824846771018881,1
3.0276968997458438,2.247977435761746,1
2.392162681823165,3.184211243121467,1
3.549970321856253,3.3251990896285957,1
5.319290264284078,2.240546082130743,1
2.6979604606146963,2.815154284699623,1
3.049715781808362,2.9058300315514134,1
5.280156494698226,2.488678270185547,1
3.2287658048832646,3.2954013846786907,1
1.6287081918864905,3.163036094026947,1
2.4599361466408523,3.223386643960532,1
1.0588268620881425,2.424203710792531,1
2.7232588695414046,2.5634741115549255,1
2.9295803590999894,3.626583423710512,1
3.1491784953521753,2.0081660246670605,1
2.558760577142673,2.380318032118744,1
2.10274511730581,3.460403031825801,1
5.121941110399842,0.4345634513121408,1
2.872225009403906,1.1976234160945265,1
4.062372175027182,2.0670816746349896,1
2.1140979521963192,4.2564669146463405,1
3.758695223309137,2.7807378951068027,1
2.9591993209392244,2.218938438792854,1
2.89428103792326,1.0329271646616665,1
3.407872248081901,2.7791391631910654,1
2.8318111399379164,2.676010153488599,1
4.122328150355023,2.597358449199932,1
4.521010007933105,2.3971986025089658,1
3.362866503052261,1.7468401177885289,1
3.885926516373795,1.5208064627476336,1
2.5187276484265397,4.091371733501778,1
2.5200745706091263,4.097732821370058,1
3.6941095184120836,1.9144953930856234,1
4.416195376362812,3.1581620815742038,1
4.493600537012402,2.56383682946715,1
3.3624954827965583,4.802340334428079,1
3.751715363314725,3.091115582154486,1
0.7950717363837914,4.47412477599477,1
3.125360077599175,0.6501820516755967,1
1.311306504857193,2.4605201202557625,1
3.5588911874112004,2.9585447535336113,1
3.1024032853221226,3.400989866642586,1
3.577371407114201,3.935803029573922,1
3.367266286755176,1.831702262866576,1
4.114086059368598,2.868210139482447,1
2.5410239493397713,3.992873048508807,1
1.3488985254903876,3.2572247226795037,1
2.5570010703245094,5.245319172625173,1
3.4610490354616044,4.64720386488428,1
4.025344627588359,1.3541199691660926,1
4.019653526443901,2.8340123217971396,1
4.294790705345289,2.6014896424130156,1
2.3063260176078453,4.516249146859989,1
2.186798861053142,2.6443336388736585,1
4.4220375905503015,3.0565314378906354,1
2.3485844864899725,3.6052469955628768,1
2.1384453470880733,1.4645864524002772,1
4.9941596028280895,3.2674619608635185,1
4.1444340588298045,2.0797614890964686,1
1.4453504395608543,3.0698050353347868,1
3.4059599693226104,3.703796660621749,1
4.686892857251612,4.707047408230654,1
4.971619975513274,2.281084514774085,1
3.5959913368440475,3.3173569075952285,1
2.2104657441256546,2.9220521447590158,1
1.716227884495343,2.0854734723828887,1
2.690039243718309,3.6627466108429996,1
3.1110869538002803,4.140895532434783,1
2.7912262917400517,3.383995472771855,1
3.28898451631001,1.8683045115044061,1
2.8929714468748498,4.806523524214615,1
3.219186363309974,2.835244821288453,1
4.423135731679416,2.9644888808762677,1
3.611963528780639,4.6849159173120904,1
3.484494214526814,2.068240807626459,1
3.195870700193095,3.5690660366318747,1
2.657426062320991,2.3096724459458624,1
2.7160159659761387,4.137242901870687,1
4.540614571960331,3.0631669785932965,1
2.136006518203948,4.022895240257804,1
3.2636111495678852,3.3919588461057253,1
3.712494088164537,2.323039637183304,1
5.253825243497911,1.7832110615307784,1
5.1483512484027445,2.6305190820932345,1
3.140927453289731,2.6086247961997193,1
3.3356891589442346,2.3234986493043306,1
0.38453601742284826,2.6718490831476718,1
2.170454980446023,4.229499796105731,1
3.336968572376586,1.3907046458164016,1
1.0890793189986214,3.7921818535592204,1
4.602705266166553,2.7429834480552806,1
2.172165690855609,2.718065800864583,1
2.2185078899424706,2.567805167228645,1
2.740404945872938,4.5154261156580375,1
2.7850444594182755,3.6428786791372896,1
1.5798991681879588,4.419729689372634,1
4.218769735392532,2.3130549703550467,1
0.7178352889208846,4.081485086610069,1
3.5377933978263956,2.954952199526392,1
2.4623208433830786,2.375401886069602,1
3.468083881761043,5.277025320537786,1
2.3070197493350806,2.6232722243752,1
4.401432548194888,1.9038087492106948,1
2.3911386634299614,4.171087396294505,1
2.6533202279169275,2.649444150902186,1
4.374376015587753,2.613315073529492,1
1.3488276924132807,2.8222401593515336,1
2.0578559523606046,4.621394276437458,1
1.077597238854637,3.3343757933154032,1
4.013031205799484,1.8107059298371948,1
3.6573836306210774,4.468099158913002,1
2.2871688010699263,3.4256868398331797,1
4.55516346185841,2.9001928424345333,1
4.741185368788633,3.1856446100717632,1
4.170279278796239,3.71172280983879,1
2.371580470069089,3.466324280837638,1
3.21706692221268,2.379565437574011,1
2.7003264415580572,3.39096635592363,1
3.380757198770357,2.423265073624359,1
1.6772730993746163,1.803974752712916,1
2.051002163590078,2.7897760502857825,1
2.9315999325040214,1.07190731168216,1
3.6443888120334575,0.7518240739234496,1
4.7271946604038,3.5839327185313046,1
3.5291361301794946,2.6811806318477274,1
2.7546607937029775,3.4004176259849763,1
2.3552915871598654,2.230417758901226,1
2.8993767659177676,5.238927139584547,1
3.7507793250573647,1.037573706170856,1
2.654962055237942,2.2037814350613245,1
2.1612258843027092,2.977070825047052,1
1.9588140411619241,5.449862052796838,1
3.436190604439526,3.7789559295498516,1
1.7747587402047447,3.557969593229018,1
3.704285439912756,2.388174679092087,1
2.387595989215577,3.776942493405074,1
3.7964578645348155,1.253627443018031,1
3.014874454064955,2.8955967955294333,1
0.5897241305684133,3.7703528203022767,1
3.473352117248195,4.2885902737377295,1
0.9294539270458082,4.5920565890269485,1
2.9408716817498983,3.7332778643370075,1
2.783919979842539,3.0991248008158063,1
1.1504084167334452,1.8533976091462891,1
2.5247458513792966,3.6245498576063944,1
4.390305001523985,4.031575009453488,1
3.30568623126239,2.217387826745508,1
0.9021042894228595,4.113387497792795,1
3.3565357067151647,2.4695014662526527,1
2.445115811981962,3.8007594305441073,1
3.7273127043207497,1.6430169601756632,1
3.4439802120654743,2.4646506150397496,1
2.904087728123258,3.5907399953936867,1
5.0613024292065845,2.1975695241773794,1
3.615472692020872,4.022727719143893,1
3.293427307894354,4.009675589090449,1
3.420297042758792,4.172578753193022,1
2.521020635327374,3.3631244826850097,1
1.6938660113119608,5.358056897797065,1
1.7823605840450907,2.707495664802269,1
4.211839621718713,2.1345060075012228,1
2.5193572504560335,2.7540031313057707,1
3.8261804789562985,4.053508251420975,1
1.7643188634478073,2.885621661173633,1
2.61367669821922,2.433874117091844,1
3.06787533776748,2.4427280067515555,1
2.64254208001047,1.8723617201525267,1
2.771258543857299,2.5654215548219765,1
6.57635166886372,1.8527575890209564,1
1.8995833308084804,3.6551716469726196,1
2.2916675373467044,2.3220123432640554,1
2.75531563792529,5.489586620044843,1
3.479198372678251,3.7318594176113176,1
2.0678618463876823,2.350503284714547,1
3.4100722524402673,2.7460270229687356,1
3.2371110633268874,2.504174889844735,1
3.0258403144609596,2.8784629563171764,1
2.3304054388910327,2.4146697228765763,1
2.818106599996644,1.6619527992042653,1
0.965942370516855,2.5426225688897293,1
2.890121095768978,4.7502296325228315,1
1.7035891080854155,1.2163375523282063,1
3.25332602587669,2.670730250324112,1
3.5099630205548604,1.8804223547471395,1
2.1596934043681832,4.6270590240572425,1
2.8002550046203356,1.3094401656316106,1
3.13736705658465,2.6100674760392133,1
2.2832537876203784,3.0833509362242464,1
3.732468427887128,4.557236710829645,1
2.3140725117034333,3.6290283990927623,1
2.936649958605764,2.6413286977349735,1
1.6770132260365371,3.5807394949116516,1
2.9938293736221646,3.0667488008289965,1
2.5925897815630643,1.7834870822693625,1
2.7035191941123164,3.224299932971201,1
2.2810110414091995,3.0876245615546973,1
1.4970360382977406,3.465551233426419,1
0.5857932930775744,3.3463753021220746,1
2.9307457527458953,3.6317914170863066,1
3.8924734531069625,2.609676226062952,1
0.656931357233657,2.720093219106955,1
1.1196352686443354,1.9302869125662714,1
4.742371673916056,3.1852839650232196,1
2.7745709181310354,1.8364755768238408,1
4.382972386974032,4.063807389136558,1
3.8547861075935916,0.9012872296020547,1
2.891763508735767,5.306299546788304,1
2.3503554545837537,2.183577616693684,1
2.253561788746236,5.633007891082648,1
1.9719917274938668,3.066760850047871,1
2.9446584149579893,2.865600978344903,1
3.591683177920564,4.125164876754889,1
1.6536070318259484,3.0716244026051105,1
2.075484555329508,4.295018389264601,1
3.3136871192413224,4.421547426492214,1
3.8749899497593114,2.082620653860059,1
2.500914212541761,1.6439694976288883,1
4.206330373558231,4.765383414229768,1
4.464420638269735,1.4973844276470905,1
2.5563918219133903,3.589236270198288,1
2.322579985629091,2.1401664820401,1
2.36461372130275,2.739971065696853,1
5.472301611895987,1.9411589650698855,1
2.2578876958842886,3.803238396260481,1
3.4508891895720786,3.820261025557179,1
3.353955584318083,3.7156924115400294,1
4.0160178650508875,3.5363422292556677,1
2.856176957599354,3.373428398488225,1
4.193721358155749,2.1458093874995345,1
3.2931303445487794,1.9516433485878355,1
3.026583755252185,1.7118300598190954,1
2.0745853401743717,5.500676281641708,1
0.7282757724210818,3.824775327169742,1
2.1773039591930434,2.292197178655927,1
3.0177158929224603,1.895941610095733,1
1.7662027851317672,3.764971937251855,1
2.496047782024616,4.218757694263941,1
0.26749605628219264,3.982001931969719,1
2.6630172711510665,4.693469860028308,1
4.380591224970782,2.8110650091881224,1
2.594414496464479,3.1364319630064275,1
3.238847137638376,1.9102910848507475,1
1.3477926159623708,4.653015306323605,1
1.9015242492626838,3.162670982267436,1
4.268848391383334,3.011373299741562,1
3.8424193490531753,1.6662930953530266,1
3.0384551439565493,3.093322695670878,1
3.378559762948225,3.089780517990276,1
2.876019264480247,3.9932156016393265,1
3.626672016461316,2.037111137514435,1
2.5660317998866025,4.492529027995941,1
4.314772988266763,2.1011036382611428,1
4.622663246985301,1.4328708780549222,1
0.9091904223591913,3.969247789404326,1
4.124658858254776,2.779353370635066,1
3.869503423012824,1.3818107289956818,1
2.1438852136906035,3.1056176502651005,1
3.630511289342397,3.250021117790884,1
2.817990574182474,3.4977132098339836,1
3.4923402306219495,2.945521985888843,1
3.370597927232353,3.1710849754619517,1
3.2926301451537077,2.4913513311766855,1
3.7774187069678473,2.181159730269647,1
2.9947710315431206,1.6870714322094267,1
2.917319264353175,3.334397833049355,1
2.1137696898330898,3.3761156569388002,1
2.9968735155783652,3.6548389608033482,1
2.152948586090198,2.870124801776303,1
3.0950076151447146,3.3358489935954636,1
1.7598357056972342,1.7714106357871255,1
4.179560143725669,4.438341886606011,1
2.8595367185068024,2.2789908416612565,1
2.8838022097272797,3.4858086733971447,1
1.2942213303975993,3.217448996206927,1
2.7596407911790504,3.938956012834107,1
3.3149723213191464,3.085767917550602,1
2.6860935826712904,4.346043894183344,1
4.406743757282905,2.563680496238647,1
3.095266518513126,2.9909592770831166,1
2.8521017483562603,2.97012834992737,1
1.9896864867996824,3.9112570872510632,1
3.669791542318623,1.864577652691654,1
3.583144986928166,3.8712815599652206,1
2.0105860635905213,2.9830470229278023,1
1.1530190202602917,5.160267352607855,1
1.8819916447168583,3.9384974166250104,1
3.066628294487703,3.9266442351383373,1
2.6434075500961347,4.607687500851549,1
2.1104044737778476,3.5167798781540704,1
3.6577296524355365,2.73581686107168,1
2.115924753347106,3.620548559624441,1
3.0006105626711532,4.718148749441395,1
3.2436325773941057,1.76610949144856,1
3.295160099362685,3.068812118097202,1
4.222893340234429,3.3770544459853817,1
2.6814435544526214,3.3652308224673773,1
3.379220133481523,1.0638855965485794,1
1.511782512515065,1.9648963136006763,1
2.090020543656954,3.722849304080932,1
1.750716524878934,6.980046809392473,1
3.083379097359143,2.790801264466672,1
3.204947026933944,4.810273981999078,1
3.263787268464167,0.6225447764138274,1
3.8462526965459425,2.843251710387504,1
3.232293032237222,4.033477623236181,1
2.5969778811217408,0.6625237423861754,1
1.8182793178847059,3.201785636729679,1
4.7131778119244885,1.4584639270217112,1
2.2883113430171127,3.567268710637726,1
3.2748492019257736,2.5365908621166215,1
2.5012579481936545,1.903711198683336,1
3.8845873333013676,2.7321993681762957,1
2.8400799907757888,3.358771053310601,1
3.694935637045048,2.0903069253390583,1
4.860794172220126,1.3503822643733576,1
0.9759097569972126,3.27987358220442,1
3.667092188415665,2.7223122035859424,1
1.7247527172407358,3.7449007646030847,1
2.393279418356144,1.277059302178905,1
4.124713991716273,4.2915029636130315,1
2.763206037263226,3.210433119069401,1
2.7337668214114585,3.2531089425256643,1
4.1425321087205145,2.8315858242740517,1
2.8284053814703927,3.1924348992654776,1
4.557530923408047,2.9848004612377976,1
2.136987135351961,3.2087881071273974,1
1.897936103333409,3.5133301411404605,1
3.1810249462210756,1.9200822028823488,1
4.706849350856918,1.8510871178764454,1
3.7495590268815757,0.7969266301534619,1
4.622473033901117,1.2756879322073242,1
2.9279161433507657,2.6855316842398245,1
3.147050168728761,1.4659441493165422,1
2.2999021316818267,3.0486760377727684,1
2.2212235815961483,2.7313360474048496,1
3.6250522347488965,3.9170071349157656,1
2.283430718177422,3.2285946713782896,1
2.650260123485918,3.0649810018072148,1
2.801012695711735,2.8137191117343536,1
3.257967398521967,2.9929848411284206,1
3.199869368210999,1.5981265937021283,1
3.172745643463505,0.933788050769917,1
4.075743972989057,2.112934609544202,1
4.023646721250378,2.584070108378648,1
1.807430083007989,1.8634043209785547,1
2.9516167496511976,4.007733145418735,1
4.049866374288252,2.447310964101848,1
3.7483135292244913,2.367251619033219,1
2.9586551246398565,0.9197127088030874,1
3.2354380535498257,2.618163882922019,1
2.62013769431127,1.978898456074203,1
3.4817258553641777,2.836907992923361,1
3.1441629837472873,3.0717751477572826,1
4.233461813386269,3.1529335199633137,1
4.236705821261772,2.3401833020655842,1
2.3316380023179244,4.237380126690223,1
2.8507355041637514,2.524175000389431,1
1.3228361120237608,2.9934772505365848,1
3.546940837601835,1.9826624705901987,1
2.2268452037645154,4.2225019230069,1
3.5968829274889114,2.035956044037557,1
3.075366322123001,2.0848000164331055,1
1.3992598277155432,2.977671813356131,1
2.192946700640528,4.787027884532293,1
1.8466404955962803,3.605602086825593,1
2.273022024815883,2.0312498799796814,1
3.7150465020586063,2.869053790735547,1
1.3000777477263488,3.389916640152469,1
3.205170481449222,2.615809866947506,1
4.4751681604285976,2.2245256983550346,1
3.468105175537396,2.3007058431803786,1
2.8973942749824975,2.1686478098754574,1
2.8781235019968348,2.8667638042413843,1
2.8688377019880025,2.2692348834545903,1
3.720684143831919,4.2359021943904045,1
3.476530790596771,3.7020921759658307,1
4.21416567494816,1.9725001773635538,1
3.010966052743449,1.2415128062710816,1
4.301237441447104,3.109036869715701,1
2.377836284764566,3.909690779904189,1
4.119581497130432,1.6481761041716085,1
2.8606103104581715,3.3470869573441235,1
3.9597947683477672,0.986766947411609,1
3.368935125815639,3.2656128357153116,1
4.674661016822492,1.1335113084390822,1
3.387307625539867,3.6179668362080992,1
2.7860541974432764,3.903253482840414,1
2.5161433678789478,1.2262780582118402,1
3.909462642733392,3.2756841155117145,1
2.296927561756797,4.543805474043905,1
2.8784522073385097,3.5707434823973414,1
3.371412560176961,2.4746980251677244,1
1.0967282920493666,3.788022035457831,1
1.5076092928431992,4.111361856280931,1
1.0991194872355035,3.2363145455146,1
2.0917498408328354,3.0364919779529083,1
4.270311371422994,1.9882615946222921,1
1.6862637287937265,3.3139880786530553,1
4.1542092088563365,1.7371186004505488,1
3.394882882016074,3.2538976506343023,1
2.1992618856539012,3.7304371237990184,1
1.6367044662120056,4.628613661550744,1
2.3258818709978644,1.76728591454384,1
3.0127536745787946,2.589227924012114,1
2.4993865233808013,4.04783148029051,1
4.05274485319832,2.151069285400995,1
3.3625898040720013,4.445401282571314,1
2.734594377168141,4.165651524754082,1
3.181285602917021,3.2781713580470866,1
1.2041352016143285,3.218901315065376,1
2.8246691567843776,2.26121517210135,1
3.4221262372847194,4.03349227113297,1
2.0671729224811326,1.1045808087507363,1
3.872761337396367,3.20807535827978,1
2.8198673153298768,3.6867694854848096,1
2.4690530286996326,2.0175773951977884,1
2.0909886613075295,2.9218757887417506,1
1.5766415349728615,5.098391697318888,1
3.1064332374540773,2.1701659821936787,1
2.933242767104349,2.7833747371183764,1
2.209865117273772,4.010705469339351,1
4.708260157451553,3.5285394262682694,1
3.415098038558986,3.494605334129904,1
3.705189989659398,2.7244542151859825,1
1.6312435089214132,2.1328932962548763,1
2.138788822816887,5.38832229766979,1
2.6681175288152534,2.0276593257780773,1
2.7710779192847923,3.3315041820645592,1
2.8265892424139625,3.4000881896905812,1
3.4480930649598687,4.264382132667475,1
1.920995985629789,2.837034879106122,1
2.8720673734087114,5.06913395677366,1
-0.20593741673785138,4.876601349441485,1
1.5723960563202553,1.9640315348088857,1
2.229717222694329,3.121643437090946,1
0.9910000273427011,4.092463179894649,1
4.083059514726797,1.3593337074975889,1
5.037045588807224,1.8516672707743451,1
4.68175891112736,1.3519125530153613,1
4.485694707815151,1.1353238189867652,1
1.8884283429321125,4.53829599693605,1
